Waybill,Client Name,Client Location,YEAR & MONTH,Order #,Order Date,Manifest Date,Pickup Date,Client Pickup Date,Current Status,Status Type,Destination PIN,Destination City,Destination STATE,Region,Invoice Zone,Package Type,Amount,COD amount,in Center,incoming Date,Dispatch Center,Dispatch Count,First Dispatch Date,Last Dispatch Date,First Pending Date,Attempt Count,First Attempt Date,Last Attempt Date,First Trial Date,Promise Date,Expected Date,Current/Last Scan Location,Non Serviceable Zone Shipment,Address Geo Co-ordinates,Address Invalid,Consignee Valid,Current/Last Scan Date,Current/Last Scan Remarks, Delivered Date,Current/Last NSL,Undelivered / Return Reason,FE Call Date,Action Required by Client,Return Center,First Return Date,Return Dispatch Count,First Return Dispatch Date,Return Promise Date,RTO/DTO Delivered Date
7952010023451,KARNATAKA BANK EXPRESS,MCT Cards & Technology Pvt Ltd-Manchi,2020-12,79520100233451,17/12/20 18:58,17/12/20 18:58,17/12/20 19:21,17/12/20 19:21,LOST,Lost,560077,,Karnataka,S,D,Pre-paid,100,0,Manipal_Manchi_C (Karnataka),17/12/20 23:01,Bangalore_Thanisandra_D (Karnataka),1,20/12/20 09:41,20/12/20 09:41,20/12/20 07:30,1,20/12/20 20:18,20/12/20 20:18,18/12/20 09:00,20/12/20 23:59,20/12/20 23:59,Bangalore_Thanisandra_D (Karnataka),,,Ambiguous,Yes,21/12/20 17:27,Shipment LOST Missing,,,,,,,,,,,
7952010023446,KARNATAKA BANK EXPRESS,MCT Cards & Technology Pvt Ltd-Manchi,2020-13,7952010023446,18/12/20 18:58,18/12/20 18:58,18/12/20 19:21,18/12/20 19:21,LOST,Lost,560078,,Karnataka,S,D,Pre-paid,101,1,Manipal_Manchi_C (Karnataka),18/12/20 23:01,Bangalore_Thanisandra_D (Karnataka),2,21/12/20 09:41,21/12/20 09:41,21/12/20 07:30,2,21/12/20 20:18,21/12/20 20:18,19/12/20 09:00,21/12/20 23:59,21/12/20 23:59,Bangalore_Thanisandra_D (Karnataka),,,Ambiguous,Yes,22/12/20 17:27,Shipment LOST Missing,,,,,,,,,,,
7952010023450,KARNATAKA BANK EXPRESS,MCT Cards & Technology Pvt Ltd-Manchi,2020-17,7952010023450,22/12/20 18:58,22/12/20 18:58,22/12/20 19:21,22/12/20 19:21,LOST,Lost,560082,,Karnataka,S,D,Pre-paid,105,5,Manipal_Manchi_C (Karnataka),22/12/20 23:01,Bangalore_Thanisandra_D (Karnataka),6,25/12/20 09:41,25/12/20 09:41,25/12/20 07:30,6,25/12/20 20:18,25/12/20 20:18,23/12/20 09:00,25/12/20 23:59,25/12/20 23:59,Bangalore_Thanisandra_D (Karnataka),,,Ambiguous,Yes,26/12/20 17:27,Shipment LOST Missing,,,,,,,,,,,
7952010023451,KARNATAKA BANK EXPRESS,MCT Cards & Technology Pvt Ltd-Manchi,2020-18,7952010023451,23/12/20 18:58,23/12/20 18:58,23/12/20 19:21,23/12/20 19:21,LOST,Lost,560083,,Karnataka,S,D,Pre-paid,106,6,Manipal_Manchi_C (Karnataka),23/12/20 23:01,Bangalore_Thanisandra_D (Karnataka),7,26/12/20 09:41,26/12/20 09:41,26/12/20 07:30,7,26/12/20 20:18,26/12/20 20:18,24/12/20 09:00,26/12/20 23:59,26/12/20 23:59,Bangalore_Thanisandra_D (Karnataka),,,Ambiguous,Yes,27/12/20 17:27,Shipment LOST Missing,,,,,,,,,,,
